filename,speaker,text,quality,word,word_id
0.wav,Ahmed,اثنين,weak,اثنين,0
1.wav,Ahmed,اثنين,weak,اثنين,0
2.wav,Ahmed,اثنين,weak,اثنين,0
22.wav,Aseel,اثنين,weak,اثنين,0
23.wav,Aseel,اثنين,weak,اثنين,0
25.wav,Aseel,اثنين,weak,اثنين,0
26.wav,Aseel,اثنين,weak,اثنين,0
27.wav,Aseel,اثنين,weak,اثنين,0
28.wav,Aseel,اثنين,weak,اثنين,0
3.wav,Ahmed,اثنين,weak,اثنين,0
4.wav,Ahmed,اثنين,weak,اثنين,0
5.wav,Ahmed,اثنين,weak,اثنين,0
6.wav,Ahmed,اثنين,weak,اثنين,0
22.wav,Aseel,احمر,weak,احمر,1
23.wav,Aseel,احمر,weak,احمر,1
24.wav,Aseel,احمر,weak,احمر,1
25.wav,Aseel,احمر,weak,احمر,1
0.wav,Ahmed,اخ,weak,اخ,2
2.wav,Ahmed,اخ,weak,اخ,2
22.wav,Aseel,اخ,weak,اخ,2
24.wav,Aseel,اخ,weak,اخ,2
3.wav,Ahmed,اخ,weak,اخ,2
4.wav,Ahmed,اخ,weak,اخ,2
1.wav,Ahmed,اخت,weak,اخت,3
2.wav,Ahmed,اخت,weak,اخت,3
22.wav,Aseel,اخت,weak,اخت,3
23.wav,Aseel,اخت,weak,اخت,3
24.wav,Aseel,اخت,weak,اخت,3
3.wav,Ahmed,اخت,weak,اخت,3
22.wav,Aseel,اخضر,weak,اخضر,4
23.wav,Aseel,اخضر,weak,اخضر,4
24.wav,Aseel,اخضر,weak,اخضر,4
25.wav,Aseel,اخضر,weak,اخضر,4
26.wav,Aseel,اخضر,weak,اخضر,4
1.wav,Ahmed,اربعة,weak,اربعة,5
22.wav,Aseel,اربعة,weak,اربعة,5
23.wav,Aseel,اربعة,weak,اربعة,5
24.wav,Aseel,اربعة,weak,اربعة,5
25.wav,Aseel,اربعة,weak,اربعة,5
26.wav,Aseel,اربعة,weak,اربعة,5
22.wav,Aseel,ازرق,weak,ازرق,6
23.wav,Aseel,ازرق,weak,ازرق,6
24.wav,Aseel,ازرق,weak,ازرق,6
25.wav,Aseel,ازرق,weak,ازرق,6
26.wav,Aseel,ازرق,weak,ازرق,6
22.wav,Aseel,استاذة,weak,استاذة,7
23.wav,Aseel,استاذة,weak,استاذة,7
24.wav,Aseel,استاذة,weak,استاذة,7
25.wav,Aseel,استاذة,weak,استاذة,7
26.wav,Aseel,استاذة,weak,استاذة,7
22.wav,Aseel,اسد,weak,اسد,8
23.wav,Aseel,اسد,weak,اسد,8
24.wav,Aseel,اسد,weak,اسد,8
25.wav,Aseel,اسد,weak,اسد,8
22.wav,Aseel,اسود,weak,اسود,9
23.wav,Aseel,اسود,weak,اسود,9
24.wav,Aseel,اسود,weak,اسود,9
25.wav,Aseel,اسود,weak,اسود,9
26.wav,Aseel,اسود,weak,اسود,9
1.wav,Ahmed,اشرب,weak,اشرب,10
2.wav,Ahmed,اشرب,weak,اشرب,10
22.wav,Aseel,اشرب,weak,اشرب,10
23.wav,Aseel,اشرب,weak,اشرب,10
24.wav,Aseel,اشرب,weak,اشرب,10
25.wav,Aseel,اشرب,weak,اشرب,10
3.wav,Ahmed,اشرب,weak,اشرب,10
4.wav,Ahmed,اشرب,weak,اشرب,10
1.wav,Ahmed,اصفر,weak,اصفر,11
2.wav,Ahmed,اصفر,weak,اصفر,11
22.wav,Aseel,اصفر,weak,اصفر,11
23.wav,Aseel,اصفر,weak,اصفر,11
24.wav,Aseel,اصفر,weak,اصفر,11
25.wav,Aseel,اصفر,weak,اصفر,11
3.wav,Ahmed,اصفر,weak,اصفر,11
4.wav,Ahmed,اصفر,weak,اصفر,11
5.wav,Ahmed,اصفر,weak,اصفر,11
6.wav,Ahmed,اصفر,weak,اصفر,11
1.wav,Ahmed,اكل,weak,اكل,12
2.wav,Ahmed,اكل,weak,اكل,12
22.wav,Aseel,اكل,weak,اكل,12
23.wav,Aseel,اكل,weak,اكل,12
24.wav,Aseel,اكل,weak,اكل,12
25.wav,Aseel,اكل,weak,اكل,12
3.wav,Ahmed,اكل,weak,اكل,12
4.wav,Ahmed,اكل,weak,اكل,12
5.wav,Ahmed,اكل,weak,اكل,12
6.wav,Ahmed,اكل,weak,اكل,12
1.wav,Ahmed,السلام عليكم,weak,السلام عليكم,13
2.wav,Ahmed,السلام عليكم,weak,السلام عليكم,13
22.wav,Aseel,السلام عليكم,weak,السلام عليكم,13
3.wav,Ahmed,السلام عليكم,weak,السلام عليكم,13
4.wav,Ahmed,السلام عليكم,weak,السلام عليكم,13
5.wav,Ahmed,السلام عليكم,weak,السلام عليكم,13
6.wav,Ahmed,السلام عليكم,weak,السلام عليكم,13
0.wav,Ahmed,باب,weak,باب,14
1.wav,Ahmed,باب,weak,باب,14
2.wav,Ahmed,باب,weak,باب,14
22.wav,Aseel,باب,weak,باب,14
23.wav,Aseel,باب,weak,باب,14
24.wav,Aseel,باب,weak,باب,14
3.wav,Ahmed,باب,weak,باب,14
4.wav,Ahmed,باب,weak,باب,14
5.wav,Ahmed,باب,weak,باب,14
0.wav,Ahmed,بابا,weak,بابا,15
01.wav,Ahmed,بابا,weak,بابا,15
1.wav,Ahmed,بابا,weak,بابا,15
2.wav,Ahmed,بابا,weak,بابا,15
22.wav,Aseel,بابا,weak,بابا,15
23.wav,Aseel,بابا,weak,بابا,15
24.wav,Aseel,بابا,weak,بابا,15
25.wav,Aseel,بابا,weak,بابا,15
26.wav,Aseel,بابا,weak,بابا,15
27.wav,Aseel,بابا,weak,بابا,15
3.wav,Ahmed,بابا,weak,بابا,15
4.wav,Ahmed,بابا,weak,بابا,15
5.wav,Ahmed,بابا,weak,بابا,15
6.wav,Ahmed,بابا,weak,بابا,15
0.wav,Ahmed,باص,weak,باص,16
1.wav,Ahmed,باص,weak,باص,16
2 .wav,Ahmed,باص,weak,باص,16
22.wav,Aseel,باص,weak,باص,16
23.wav,Aseel,باص,weak,باص,16
24.wav,Aseel,باص,weak,باص,16
3.wav,Ahmed,باص,weak,باص,16
4.wav,Ahmed,باص,weak,باص,16
5.wav,Ahmed,باص,weak,باص,16
0.wav,Ahmed,بسة,weak,بسة,17
01.wav,Ahmed,بسة,weak,بسة,17
02.wav,Ahmed,بسة,weak,بسة,17
03.wav,Ahmed,بسة,weak,بسة,17
04.wav,Ahmed,بسة,weak,بسة,17
05.wav,Ahmed,بسة,weak,بسة,17
1.wav,Ahmed,بسة,weak,بسة,17
2.wav,Ahmed,بسة,weak,بسة,17
22.wav,Aseel,بسة,weak,بسة,17
23.wav,Aseel,بسة,weak,بسة,17
24.wav,Aseel,بسة,weak,بسة,17
25.wav,Aseel,بسة,weak,بسة,17
3.wav,Ahmed,بسة,weak,بسة,17
4.wav,Ahmed,بسة,weak,بسة,17
5.wav,Ahmed,بسة,weak,بسة,17
6.wav,Ahmed,بسة,weak,بسة,17
0.wav,Ahmed,بيت,weak,بيت,19
01.wav,Ahmed,بيت,weak,بيت,19
02.wav,Ahmed,بيت,weak,بيت,19
03.wav,Ahmed,بيت,weak,بيت,19
1.wav,Ahmed,بيت,weak,بيت,19
2.wav,Ahmed,بيت,weak,بيت,19
3.wav,Ahmed,بيت,weak,بيت,19
4.wav,Ahmed,بيت,weak,بيت,19
5.wav,Ahmed,بيت,weak,بيت,19
6.wav,Ahmed,بيت,weak,بيت,19
0.wav,Ahmed,بيض,weak,بيض,20
00.wav,Ahmed,بيض,weak,بيض,20
01.wav,Ahmed,بيض,weak,بيض,20
03.wav,Ahmed,بيض,weak,بيض,20
04.wav,Ahmed,بيض,weak,بيض,20
05.wav,Ahmed,بيض,weak,بيض,20
06.wav,Ahmed,بيض,weak,بيض,20
29.wav,Aseel,بيض,weak,بيض,20
3.wav,Ahmed,بيض,weak,بيض,20
30.wav,Wessam,بيض,medium,بيض,20
31.wav,Wessam,بيض,medium,بيض,20
32.wav,Wessam,بيض,medium,بيض,20
33.wav,Wessam,بيض,medium,بيض,20
34.wav,Wessam,بيض,medium,بيض,20
35.wav,Wessam,بيض,medium,بيض,20
36.wav,Wessam,بيض,medium,بيض,20
4.wav,Ahmed,بيض,weak,بيض,20
5.wav,Ahmed,بيض,weak,بيض,20
6.wav,Ahmed,بيض,weak,بيض,20
22.wav,Aseel,تعبان,weak,تعبان,21
23.wav,Aseel,تعبان,weak,تعبان,21
24.wav,Aseel,تعبان,weak,تعبان,21
0.wav,Ahmed,تفاح,weak,تفاح,22
02.wav,Ahmed,تفاح,weak,تفاح,22
03.wav,Ahmed,تفاح,weak,تفاح,22
04.wav,Ahmed,تفاح,weak,تفاح,22
05.wav,Ahmed,تفاح,weak,تفاح,22
1.wav,Ahmed,تفاح,weak,تفاح,22
2.wav,Ahmed,تفاح,weak,تفاح,22
3.wav,Ahmed,تفاح,weak,تفاح,22
5.wav,Ahmed,تفاح,weak,تفاح,22
6.wav,Ahmed,تفاح,weak,تفاح,22
22.wav,Aseel,تفاحة,weak,تفاحة,23
23.wav,Aseel,تفاحة,weak,تفاحة,23
24.wav,Aseel,تفاحة,weak,تفاحة,23
25.wav,Aseel,تفاحة,weak,تفاحة,23
26.wav,Aseel,تفاحة,weak,تفاحة,23
1.wav,Ahmed,تمر,weak,تمر,24
2.wav,Ahmed,تمر,weak,تمر,24
22.wav,Aseel,تمر,weak,تمر,24
23.wav,Aseel,تمر,weak,تمر,24
24.wav,Aseel,تمر,weak,تمر,24
26.wav,Aseel,تمر,weak,تمر,24
27.wav,Aseel,تمر,weak,تمر,24
3.wav,Ahmed,تمر,weak,تمر,24
1.wav,Ahmed,ثلاثة,weak,ثلاثة,25
2.wav,Ahmed,ثلاثة,weak,ثلاثة,25
22.wav,Aseel,ثلاثة,weak,ثلاثة,25
23.wav,Aseel,ثلاثة,weak,ثلاثة,25
24.wav,Aseel,ثلاثة,weak,ثلاثة,25
25.wav,Aseel,ثلاثة,weak,ثلاثة,25
26.wav,Aseel,ثلاثة,weak,ثلاثة,25
3.wav,Ahmed,ثلاثة,weak,ثلاثة,25
4.wav,Ahmed,ثلاثة,weak,ثلاثة,25
5.wav,Ahmed,ثلاثة,weak,ثلاثة,25
6.wav,Ahmed,ثلاثة,weak,ثلاثة,25
22.wav,Aseel,ثوب,weak,ثوب,26
25.wav,Aseel,ثوب,weak,ثوب,26
0.wav,Ahmed,جا,weak,جا,27
1.wav,Ahmed,جا,weak,جا,27
2.wav,Ahmed,جا,weak,جا,27
22.wav,Aseel,جا,weak,جا,27
23.wav,Aseel,جا,weak,جا,27
24.wav,Aseel,جا,weak,جا,27
25.wav,Aseel,جا,weak,جا,27
3.wav,Ahmed,جا,weak,جا,27
0.wav,Ahmed,جبل,weak,جبل,28
01.wav,Ahmed,جبل,weak,جبل,28
1.wav,Ahmed,جبل,weak,جبل,28
2.wav,Ahmed,جبل,weak,جبل,28
22.wav,Aseel,جبل,weak,جبل,28
3.wav,Ahmed,جبل,weak,جبل,28
4.wav,Ahmed,جبل,weak,جبل,28
5.wav,Ahmed,جبل,weak,جبل,28
6.wav,Ahmed,جبل,weak,جبل,28
23.wav,Aseel,جد,weak,جد,29
24.wav,Aseel,جد,weak,جد,29
25.wav,Aseel,جد,weak,جد,29
22.wav,Aseel,جدة,weak,جدة,30
23.wav,Aseel,جدة,weak,جدة,30
24.wav,Aseel,جدة,weak,جدة,30
25.wav,Aseel,جدة,weak,جدة,30
26.wav,Aseel,جدة,weak,جدة,30
22.wav,Aseel,جمل,weak,جمل,31
23.wav,Aseel,جمل,weak,جمل,31
24.wav,Aseel,جمل,weak,جمل,31
25.wav,Aseel,جمل,weak,جمل,31
29.wav,Aseel,جوع,weak,جوع,32
30.wav,Wessam,جوع,medium,جوع,32
31.wav,Wessam,جوع,medium,جوع,32
32.wav,Wessam,جوع,medium,جوع,32
33.wav,Wessam,جوع,medium,جوع,32
34.wav,Wessam,جوع,medium,جوع,32
35.wav,Wessam,جوع,medium,جوع,32
36.wav,Wessam,جوع,medium,جوع,32
0.wav,Ahmed,حافظ,weak,حافظ,34
01.wav,Ahmed,حافظ,weak,حافظ,34
1.wav,Ahmed,حافظ,weak,حافظ,34
2.wav,Ahmed,حافظ,weak,حافظ,34
29.wav,Aseel,حافظ,weak,حافظ,34
3.wav,Ahmed,حافظ,weak,حافظ,34
30.wav,Wessam,حافظ,medium,حافظ,34
31.wav,Wessam,حافظ,medium,حافظ,34
32.wav,Wessam,حافظ,medium,حافظ,34
33.wav,Wessam,حافظ,medium,حافظ,34
34.wav,Wessam,حافظ,medium,حافظ,34
35.wav,Wessam,حافظ,medium,حافظ,34
36.wav,Wessam,حافظ,medium,حافظ,34
4.wav,Ahmed,حافظ,weak,حافظ,34
5.wav,Ahmed,حافظ,weak,حافظ,34
6.wav,Ahmed,حافظ,weak,حافظ,34
1.wav,Ahmed,حليب,weak,حليب,35
2.wav,Ahmed,حليب,weak,حليب,35
22.wav,Aseel,حليب,weak,حليب,35
23.wav,Aseel,حليب,weak,حليب,35
24.wav,Aseel,حليب,weak,حليب,35
25.wav,Aseel,حليب,weak,حليب,35
3.wav,Ahmed,حليب,weak,حليب,35
0.wav,Ahmed,خايف,weak,خايف,36
01.wav,Ahmed,خايف,weak,خايف,36
1.wav,Ahmed,خايف,weak,خايف,36
2.wav,Ahmed,خايف,weak,خايف,36
22.wav,Aseel,خايف,weak,خايف,36
23.wav,Aseel,خايف,weak,خايف,36
24.wav,Aseel,خايف,weak,خايف,36
25.wav,Aseel,خايف,weak,خايف,36
3.wav,Ahmed,خايف,weak,خايف,36
4.wav,Ahmed,خايف,weak,خايف,36
5.wav,Ahmed,خايف,weak,خايف,36
6.wav,Ahmed,خايف,weak,خايف,36
1.wav,Ahmed,خبز,weak,خبز,37
2.wav,Ahmed,خبز,weak,خبز,37
23.wav,Aseel,خبز,weak,خبز,37
24.wav,Aseel,خبز,weak,خبز,37
25.wav,Aseel,خبز,weak,خبز,37
3.wav,Ahmed,خبز,weak,خبز,37
4.wav,Ahmed,خبز,weak,خبز,37
5.wav,Ahmed,خبز,weak,خبز,37
6.wav,Ahmed,خبز,weak,خبز,37
1.wav,Ahmed,خروف,weak,خروف,38
2.wav,Ahmed,خروف,weak,خروف,38
29.wav,Aseel,خروف,weak,خروف,38
31.wav,Wessam,خروف,medium,خروف,38
32.wav,Wessam,خروف,medium,خروف,38
33.wav,Wessam,خروف,medium,خروف,38
34.wav,Wessam,خروف,medium,خروف,38
35.wav,Wessam,خروف,medium,خروف,38
36.wav,Wessam,خروف,medium,خروف,38
0.wav,Ahmed,خلاص,weak,خلاص,39
01.wav,Ahmed,خلاص,weak,خلاص,39
02.wav,Ahmed,خلاص,weak,خلاص,39
1.wav,Ahmed,خلاص,weak,خلاص,39
2.wav,Ahmed,خلاص,weak,خلاص,39
29.wav,Aseel,خلاص,weak,خلاص,39
3.wav,Ahmed,خلاص,weak,خلاص,39
4.wav,Ahmed,خلاص,weak,خلاص,39
5.wav,Ahmed,خلاص,weak,خلاص,39
6.wav,Ahmed,خلاص,weak,خلاص,39
22.wav,Aseel,خمسة,weak,خمسة,40
23.wav,Aseel,خمسة,weak,خمسة,40
24.wav,Aseel,خمسة,weak,خمسة,40
25.wav,Aseel,خمسة,weak,خمسة,40
0.wav,Ahmed,دجاج,weak,دجاج,41
01.wav,Ahmed,دجاج,weak,دجاج,41
02.wav,Ahmed,دجاج,weak,دجاج,41
04.wav,Ahmed,دجاج,weak,دجاج,41
1.wav,Ahmed,دجاج,weak,دجاج,41
2.wav,Ahmed,دجاج,weak,دجاج,41
22.wav,Aseel,دجاج,weak,دجاج,41
23.wav,Aseel,دجاج,weak,دجاج,41
24.wav,Aseel,دجاج,weak,دجاج,41
25.wav,Aseel,دجاج,weak,دجاج,41
26.wav,Aseel,دجاج,weak,دجاج,41
3.wav,Ahmed,دجاج,weak,دجاج,41
4.wav,Ahmed,دجاج,weak,دجاج,41
5.wav,Ahmed,دجاج,weak,دجاج,41
6.wav,Ahmed,دجاج,weak,دجاج,41
0.wav,Ahmed,ذيب,weak,ذيب,42
01.wav,Ahmed,ذيب,weak,ذيب,42
1.wav,Ahmed,ذيب,weak,ذيب,42
2.wav,Ahmed,ذيب,weak,ذيب,42
3.wav,Ahmed,ذيب,weak,ذيب,42
4.wav,Ahmed,ذيب,weak,ذيب,42
6.wav,Ahmed,ذيب,weak,ذيب,42
1.wav,Ahmed,راح,weak,راح,43
2.wav,Ahmed,راح,weak,راح,43
22.wav,Aseel,راح,weak,راح,43
23.wav,Aseel,راح,weak,راح,43
24.wav,Aseel,راح,weak,راح,43
25.wav,Aseel,راح,weak,راح,43
26.wav,Aseel,راح,weak,راح,43
3.wav,Ahmed,راح,weak,راح,43
4.wav,Ahmed,راح,weak,راح,43
5.wav,Ahmed,راح,weak,راح,43
0.wav,Ahmed,راس,weak,راس,44
1.wav,Ahmed,راس,weak,راس,44
2.wav,Ahmed,راس,weak,راس,44
3.wav,Ahmed,راس,weak,راس,44
4.wav,Ahmed,راس,weak,راس,44
5.wav,Ahmed,راس,weak,راس,44
6.wav,Ahmed,راس,weak,راس,44
0.wav,Ahmed,رز,weak,رز,45
01.wav,Ahmed,رز,weak,رز,45
02.wav,Ahmed,رز,weak,رز,45
03.wav,Ahmed,رز,weak,رز,45
1.wav,Ahmed,رز,weak,رز,45
2.wav,Ahmed,رز,weak,رز,45
22.wav,Aseel,رز,weak,رز,45
23.wav,Aseel,رز,weak,رز,45
24.wav,Aseel,رز,weak,رز,45
25.wav,Aseel,رز,weak,رز,45
26.wav,Aseel,رز,weak,رز,45
4.wav,Ahmed,رز,weak,رز,45
5.wav,Ahmed,رز,weak,رز,45
6.wav,Ahmed,رز,weak,رز,45
22.wav,Aseel,زعلان,weak,زعلان,46
23.wav,Aseel,زعلان,weak,زعلان,46
24.wav,Aseel,زعلان,weak,زعلان,46
25.wav,Aseel,زعلان,weak,زعلان,46
26.wav,Aseel,زعلان,weak,زعلان,46
0.wav,Ahmed,زيت,weak,زيت,47
1.wav,Ahmed,زيت,weak,زيت,47
2.wav,Ahmed,زيت,weak,زيت,47
3.wav,Ahmed,زيت,weak,زيت,47
4.wav,Ahmed,زيت,weak,زيت,47
5.wav,Ahmed,زيت,weak,زيت,47
6.wav,Ahmed,زيت,weak,زيت,47
22.wav,Aseel,سبورة,weak,سبورة,48
23.wav,Aseel,سبورة,weak,سبورة,48
24.wav,Aseel,سبورة,weak,سبورة,48
25.wav,Aseel,سبورة,weak,سبورة,48
26.wav,Aseel,سبورة,weak,سبورة,48
0.wav,Ahmed,ستة,weak,ستة,49
1.wav,Ahmed,ستة,weak,ستة,49
2.wav,Ahmed,ستة,weak,ستة,49
3.wav,Ahmed,ستة,weak,ستة,49
4.wav,Ahmed,ستة,weak,ستة,49
5.wav,Ahmed,ستة,weak,ستة,49
6.wav,Ahmed,ستة,weak,ستة,49
1.wav,Ahmed,سرير,weak,سرير,50
2.wav,Ahmed,سرير,weak,سرير,50
22.wav,Aseel,سرير,weak,سرير,50
23.wav,Aseel,سرير,weak,سرير,50
24.wav,Aseel,سرير,weak,سرير,50
25.wav,Aseel,سرير,weak,سرير,50
3.wav,Ahmed,سرير,weak,سرير,50
4.wav,Ahmed,سرير,weak,سرير,50
22.wav,Aseel,سمك,weak,سمك,51
23.wav,Aseel,سمك,weak,سمك,51
24.wav,Aseel,سمك,weak,سمك,51
25.wav,Aseel,سمك,weak,سمك,51
26.wav,Aseel,سمك,weak,سمك,51
29.wav,Aseel,سمك,weak,سمك,51
30.wav,Wessam,سمك,medium,سمك,51
31.wav,Wessam,سمك,medium,سمك,51
32.wav,Wessam,سمك,medium,سمك,51
33.wav,Wessam,سمك,medium,سمك,51
34.wav,Wessam,سمك,medium,سمك,51
35.wav,Wessam,سمك,medium,سمك,51
36.wav,Wessam,سمك,medium,سمك,51
0.wav,Ahmed,شمس,weak,شمس,52
01.wav,Ahmed,شمس,weak,شمس,52
1.wav,Ahmed,شمس,weak,شمس,52
2.wav,Ahmed,شمس,weak,شمس,52
3.wav,Ahmed,شمس,weak,شمس,52
4.wav,Ahmed,شمس,weak,شمس,52
5.wav,Ahmed,شمس,weak,شمس,52
6.wav,Ahmed,شمس,weak,شمس,52
29.wav,Aseel,صاروخ,weak,صاروخ,53
30.wav,Wessam,صاروخ,medium,صاروخ,53
31.wav,Wessam,صاروخ,medium,صاروخ,53
32.wav,Wessam,صاروخ,medium,صاروخ,53
33.wav,Wessam,صاروخ,medium,صاروخ,53
34.wav,Wessam,صاروخ,medium,صاروخ,53
35.wav,Wessam,صاروخ,medium,صاروخ,53
29.wav,Aseel,صمغ,weak,صمغ,55
30.wav,Wessam,صمغ,medium,صمغ,55
31.wav,Wessam,صمغ,medium,صمغ,55
32.wav,Wessam,صمغ,medium,صمغ,55
33.wav,Wessam,صمغ,medium,صمغ,55
34.wav,Wessam,صمغ,medium,صمغ,55
0.wav,Ahmed,ضوء,weak,ضوء,56
01.wav,Ahmed,ضوء,weak,ضوء,56
02.wav,Ahmed,ضوء,weak,ضوء,56
03.wav,Ahmed,ضوء,weak,ضوء,56
04.wav,Ahmed,ضوء,weak,ضوء,56
1.wav,Ahmed,ضوء,weak,ضوء,56
2.wav,Ahmed,ضوء,weak,ضوء,56
3.wav,Ahmed,ضوء,weak,ضوء,56
4.wav,Ahmed,ضوء,weak,ضوء,56
5.wav,Ahmed,ضوء,weak,ضوء,56
6.wav,Ahmed,ضوء,weak,ضوء,56
29.wav,Aseel,طريق,weak,طريق,57
30.wav,Wessam,طريق,medium,طريق,57
31.wav,Wessam,طريق,medium,طريق,57
32.wav,Wessam,طريق,medium,طريق,57
22.wav,Aseel,عصفور,weak,عصفور,61
23.wav,Aseel,عصفور,weak,عصفور,61
24.wav,Aseel,عصفور,weak,عصفور,61
25.wav,Aseel,عصفور,weak,عصفور,61
01.wav,Ahmed,علم,weak,علم,62
02.wav,Ahmed,علم,weak,علم,62
03.wav,Ahmed,علم,weak,علم,62
1.wav,Ahmed,علم,weak,علم,62
2.wav,Ahmed,علم,weak,علم,62
3.wav,Ahmed,علم,weak,علم,62
4.wav,Ahmed,علم,weak,علم,62
5.wav,Ahmed,علم,weak,علم,62
6.wav,Ahmed,علم,weak,علم,62
0.wav,Ahmed,عين,weak,عين,63
1.wav,Ahmed,عين,weak,عين,63
2.wav,Ahmed,عين,weak,عين,63
22.wav,Aseel,عين,weak,عين,63
23.wav,Aseel,عين,weak,عين,63
24.wav,Aseel,عين,weak,عين,63
25.wav,Aseel,عين,weak,عين,63
26.wav,Aseel,عين,weak,عين,63
27.wav,Aseel,عين,weak,عين,63
29.wav,Aseel,عين,weak,عين,63
3.wav,Ahmed,عين,weak,عين,63
30.wav,Wessam,عين,medium,عين,63
31.wav,Wessam,عين,medium,عين,63
32.wav,Wessam,عين,medium,عين,63
33.wav,Wessam,عين,medium,عين,63
34.wav,Wessam,عين,medium,عين,63
35.wav,Wessam,عين,medium,عين,63
4.wav,Ahmed,عين,weak,عين,63
5.wav,Ahmed,عين,weak,عين,63
6.wav,Ahmed,عين,weak,عين,63
0.wav,Ahmed,فراش,weak,فراش,64
01.wav,Ahmed,فراش,weak,فراش,64
02.wav,Ahmed,فراش,weak,فراش,64
03.wav,Ahmed,فراش,weak,فراش,64
04.wav,Ahmed,فراش,weak,فراش,64
1.wav,Ahmed,فراش,weak,فراش,64
2.wav,Ahmed,فراش,weak,فراش,64
29.wav,Aseel,فراش,weak,فراش,64
3.wav,Ahmed,فراش,weak,فراش,64
30.wav,Wessam,فراش,medium,فراش,64
31.wav,Wessam,فراش,medium,فراش,64
32.wav,Wessam,فراش,medium,فراش,64
33.wav,Wessam,فراش,medium,فراش,64
34.wav,Wessam,فراش,medium,فراش,64
4.wav,Ahmed,فراش,weak,فراش,64
5.wav,Ahmed,فراش,weak,فراش,64
6.wav,Ahmed,فراش,weak,فراش,64
22.wav,Aseel,فرحان,weak,فرحان,65
23.wav,Aseel,فرحان,weak,فرحان,65
24.wav,Aseel,فرحان,weak,فرحان,65
25.wav,Aseel,فرحان,weak,فرحان,65
26.wav,Aseel,فرحان,weak,فرحان,65
0.wav,Ahmed,فيل,weak,فيل,67
01.wav,Ahmed,فيل,weak,فيل,67
02.wav,Ahmed,فيل,weak,فيل,67
03.wav,Ahmed,فيل,weak,فيل,67
04.wav,Ahmed,فيل,weak,فيل,67
1.wav,Ahmed,فيل,weak,فيل,67
2.wav,Ahmed,فيل,weak,فيل,67
22.wav,Aseel,فيل,weak,فيل,67
23.wav,Aseel,فيل,weak,فيل,67
24.wav,Aseel,فيل,weak,فيل,67
25.wav,Aseel,فيل,weak,فيل,67
26.wav,Aseel,فيل,weak,فيل,67
29.wav,Aseel,فيل,weak,فيل,67
3.wav,Ahmed,فيل,weak,فيل,67
30.wav,Wessam,فيل,medium,فيل,67
31.wav,Wessam,فيل,medium,فيل,67
32.wav,Wessam,فيل,medium,فيل,67
33.wav,Wessam,فيل,medium,فيل,67
34.wav,Wessam,فيل,medium,فيل,67
4.wav,Ahmed,فيل,weak,فيل,67
5.wav,Ahmed,فيل,weak,فيل,67
6.wav,Ahmed,فيل,weak,فيل,67
0.wav,Ahmed,قط,weak,قط,68
01.wav,Ahmed,قط,weak,قط,68
02.wav,Ahmed,قط,weak,قط,68
04.wav,Ahmed,قط,weak,قط,68
1.wav,Ahmed,قط,weak,قط,68
2.wav,Ahmed,قط,weak,قط,68
29.wav,Aseel,قط,weak,قط,68
30.wav,Wessam,قط,medium,قط,68
31.wav,Wessam,قط,medium,قط,68
32.wav,Wessam,قط,medium,قط,68
33.wav,Wessam,قط,medium,قط,68
34.wav,Wessam,قط,medium,قط,68
4.wav,Ahmed,قط,weak,قط,68
5.wav,Ahmed,قط,weak,قط,68
6.wav,Ahmed,قط,weak,قط,68
030.wav,Wessam,قلم,medium,قلم,70
031.wav,Wessam,قلم,medium,قلم,70
29.wav,Aseel,قلم,weak,قلم,70
30.wav,Wessam,قلم,medium,قلم,70
31.wav,Wessam,قلم,medium,قلم,70
32.wav,Wessam,قلم,medium,قلم,70
33.wav,Wessam,قلم,medium,قلم,70
34.wav,Wessam,قلم,medium,قلم,70
35.wav,Wessam,قلم,medium,قلم,70
36.wav,Wessam,قلم,medium,قلم,70
0.wav,Ahmed,قميص,weak,قميص,71
01.wav,Ahmed,قميص,weak,قميص,71
2.wav,Ahmed,قميص,weak,قميص,71
29.wav,Aseel,قميص,weak,قميص,71
3.wav,Ahmed,قميص,weak,قميص,71
30.wav,Wessam,قميص,medium,قميص,71
31.wav,Wessam,قميص,medium,قميص,71
32.wav,Wessam,قميص,medium,قميص,71
33.wav,Wessam,قميص,medium,قميص,71
4.wav,Ahmed,قميص,weak,قميص,71
5.wav,Ahmed,قميص,weak,قميص,71
0.wav,Ahmed,كاس,weak,كاس,72
01.wav,Ahmed,كاس,weak,كاس,72
02.wav,Ahmed,كاس,weak,كاس,72
03.wav,Ahmed,كاس,weak,كاس,72
04.wav,Ahmed,كاس,weak,كاس,72
1.wav,Ahmed,كاس,weak,كاس,72
2.wav,Ahmed,كاس,weak,كاس,72
29.wav,Aseel,كاس,weak,كاس,72
3.wav,Ahmed,كاس,weak,كاس,72
30.wav,Wessam,كاس,medium,كاس,72
31.wav,Wessam,كاس,medium,كاس,72
32.wav,Wessam,كاس,medium,كاس,72
33.wav,Wessam,كاس,medium,كاس,72
4.wav,Ahmed,كاس,weak,كاس,72
5.wav,Ahmed,كاس,weak,كاس,72
6.wav,Ahmed,كاس,weak,كاس,72
0.wav,Ahmed,كبير,weak,كبير,73
01.wav,Ahmed,كبير,weak,كبير,73
02.wav,Ahmed,كبير,weak,كبير,73
03.wav,Ahmed,كبير,weak,كبير,73
1.wav,Ahmed,كبير,weak,كبير,73
2.wav,Ahmed,كبير,weak,كبير,73
29.wav,Aseel,كبير,weak,كبير,73
3.wav,Ahmed,كبير,weak,كبير,73
30.wav,Wessam,كبير,medium,كبير,73
31.wav,Wessam,كبير,medium,كبير,73
32.wav,Wessam,كبير,medium,كبير,73
33.wav,Wessam,كبير,medium,كبير,73
34.wav,Wessam,كبير,medium,كبير,73
4.wav,Ahmed,كبير,weak,كبير,73
5.wav,Ahmed,كبير,weak,كبير,73
6.wav,Ahmed,كبير,weak,كبير,73
22.wav,Aseel,كتاب,weak,كتاب,74
23.wav,Aseel,كتاب,weak,كتاب,74
24.wav,Aseel,كتاب,weak,كتاب,74
25.wav,Aseel,كتاب,weak,كتاب,74
26.wav,Aseel,كتاب,weak,كتاب,74
1.wav,Ahmed,كرسي,weak,كرسي,75
2.wav,Ahmed,كرسي,weak,كرسي,75
22.wav,Aseel,كرسي,weak,كرسي,75
23.wav,Aseel,كرسي,weak,كرسي,75
24.wav,Aseel,كرسي,weak,كرسي,75
26.wav,Aseel,كرسي,weak,كرسي,75
27.wav,Aseel,كرسي,weak,كرسي,75
3.wav,Ahmed,كرسي,weak,كرسي,75
4.wav,Ahmed,كرسي,weak,كرسي,75
5.wav,Ahmed,كرسي,weak,كرسي,75
22.wav,Aseel,كلب,weak,كلب,76
23.wav,Aseel,كلب,weak,كلب,76
24.wav,Aseel,كلب,weak,كلب,76
25.wav,Aseel,كلب,weak,كلب,76
1.wav,Ahmed,كورة,weak,كورة,77
2.wav,Ahmed,كورة,weak,كورة,77
22.wav,Aseel,كورة,weak,كورة,77
23.wav,Aseel,كورة,weak,كورة,77
24.wav,Aseel,كورة,weak,كورة,77
3.wav,Ahmed,كورة,weak,كورة,77
4.wav,Ahmed,كورة,weak,كورة,77
0.wav,Ahmed,لبن,weak,لبن,78
1.wav,Ahmed,لبن,weak,لبن,78
2.wav,Ahmed,لبن,weak,لبن,78
3.wav,Ahmed,لبن,weak,لبن,78
4.wav,Ahmed,لبن,weak,لبن,78
5.wav,Ahmed,لبن,weak,لبن,78
1.wav,Ahmed,لعبة,weak,لعبة,79
2.wav,Ahmed,لعبة,weak,لعبة,79
3.wav,Ahmed,لعبة,weak,لعبة,79
4.wav,Ahmed,لعبة,weak,لعبة,79
0.wav,Ahmed,لون,weak,لون,80
01.wav,Ahmed,لون,weak,لون,80
1.wav,Ahmed,لون,weak,لون,80
2.wav,Ahmed,لون,weak,لون,80
22.wav,Aseel,لون,weak,لون,80
23.wav,Aseel,لون,weak,لون,80
24.wav,Aseel,لون,weak,لون,80
3.wav,Ahmed,لون,weak,لون,80
4.wav,Ahmed,لون,weak,لون,80
5.wav,Ahmed,لون,weak,لون,80
6.wav,Ahmed,لون,weak,لون,80
0.wav,Ahmed,ماما,weak,ماما,81
01.wav,Ahmed,ماما,weak,ماما,81
02.wav,Ahmed,ماما,weak,ماما,81
1.wav,Ahmed,ماما,weak,ماما,81
2.wav,Ahmed,ماما,weak,ماما,81
22.wav,Aseel,ماما,weak,ماما,81
23.wav,Aseel,ماما,weak,ماما,81
24.wav,Aseel,ماما,weak,ماما,81
25.wav,Aseel,ماما,weak,ماما,81
26.wav,Aseel,ماما,weak,ماما,81
27.wav,Aseel,ماما,weak,ماما,81
3.wav,Ahmed,ماما,weak,ماما,81
4.wav,Ahmed,ماما,weak,ماما,81
5.wav,Ahmed,ماما,weak,ماما,81
6.wav,Ahmed,ماما,weak,ماما,81
0.wav,Ahmed,مدرسة,weak,مدرسة,82
01.wav,Ahmed,مدرسة,weak,مدرسة,82
1.wav,Ahmed,مدرسة,weak,مدرسة,82
2.wav,Ahmed,مدرسة,weak,مدرسة,82
3.wav,Ahmed,مدرسة,weak,مدرسة,82
4.wav,Ahmed,مدرسة,weak,مدرسة,82
5.wav,Ahmed,مدرسة,weak,مدرسة,82
6.wav,Ahmed,مدرسة,weak,مدرسة,82
22.wav,Aseel,مستشفى,weak,مستشفى,83
23.wav,Aseel,مستشفى,weak,مستشفى,83
24.wav,Aseel,مستشفى,weak,مستشفى,83
25.wav,Aseel,مستشفى,weak,مستشفى,83
22.wav,Aseel,معصب,weak,معصب,84
23.wav,Aseel,معصب,weak,معصب,84
24.wav,Aseel,معصب,weak,معصب,84
25.wav,Aseel,معصب,weak,معصب,84
0.wav,Ahmed,موز,weak,موز,87
01.wav,Ahmed,موز,weak,موز,87
02.wav,Ahmed,موز,weak,موز,87
1.wav,Ahmed,موز,weak,موز,87
2.wav,Ahmed,موز,weak,موز,87
22.wav,Aseel,موز,weak,موز,87
23.wav,Aseel,موز,weak,موز,87
24.wav,Aseel,موز,weak,موز,87
25.wav,Aseel,موز,weak,موز,87
26.wav,Aseel,موز,weak,موز,87
29.wav,Aseel,موز,weak,موز,87
3.wav,Ahmed,موز,weak,موز,87
30.wav,Wessam,موز,medium,موز,87
31.wav,Wessam,موز,medium,موز,87
32.wav,Wessam,موز,medium,موز,87
33.wav,Wessam,موز,medium,موز,87
34.wav,Wessam,موز,medium,موز,87
4.wav,Ahmed,موز,weak,موز,87
5.wav,Ahmed,موز,weak,موز,87
6.wav,Ahmed,موز,weak,موز,87
0.wav,Ahmed,موية,weak,موية,88
1.wav,Ahmed,موية,weak,موية,88
2.wav,Ahmed,موية,weak,موية,88
22.wav,Aseel,موية,weak,موية,88
23.wav,Aseel,موية,weak,موية,88
24.wav,Aseel,موية,weak,موية,88
25.wav,Aseel,موية,weak,موية,88
26.wav,Aseel,موية,weak,موية,88
27.wav,Aseel,موية,weak,موية,88
3.wav,Ahmed,موية,weak,موية,88
4.wav,Ahmed,موية,weak,موية,88
5.wav,Ahmed,موية,weak,موية,88
6.wav,Ahmed,موية,weak,موية,88
030.wav,Wessam,مياة,medium,مياة,89
031.wav,Wessam,مياة,medium,مياة,89
032.wav,Wessam,مياة,medium,مياة,89
29.wav,Aseel,مياة,weak,مياة,89
30.wav,Wessam,مياة,medium,مياة,89
31.wav,Wessam,مياة,medium,مياة,89
32.wav,Wessam,مياة,medium,مياة,89
33.wav,Wessam,مياة,medium,مياة,89
34.wav,Wessam,مياة,medium,مياة,89
35.wav,Wessam,مياة,medium,مياة,89
36.wav,Wessam,مياة,medium,مياة,89
0.wav,Ahmed,نار,weak,نار,90
01.wav,Ahmed,نار,weak,نار,90
02.wav,Ahmed,نار,weak,نار,90
03.wav,Ahmed,نار,weak,نار,90
04.wav,Ahmed,نار,weak,نار,90
1.wav,Ahmed,نار,weak,نار,90
3.wav,Ahmed,نار,weak,نار,90
4.wav,Ahmed,نار,weak,نار,90
5.wav,Ahmed,نار,weak,نار,90
6.wav,Ahmed,نار,weak,نار,90
1.wav,Ahmed,نام,weak,نام,91
2.wav,Ahmed,نام,weak,نام,91
23.wav,Aseel,نام,weak,نام,91
25.wav,Aseel,نام,weak,نام,91
3.wav,Ahmed,نام,weak,نام,91
4.wav,Ahmed,نام,weak,نام,91
5.wav,Ahmed,نام,weak,نام,91
0.wav,Ahmed,نور,weak,نور,92
1.wav,Ahmed,نور,weak,نور,92
2.wav,Ahmed,نور,weak,نور,92
22.wav,Aseel,نور,weak,نور,92
23.wav,Aseel,نور,weak,نور,92
24.wav,Aseel,نور,weak,نور,92
25.wav,Aseel,نور,weak,نور,92
29.wav,Aseel,نور,weak,نور,92
3.wav,Ahmed,نور,weak,نور,92
30.wav,Wessam,نور,medium,نور,92
31.wav,Wessam,نور,medium,نور,92
32.wav,Wessam,نور,medium,نور,92
33.wav,Wessam,نور,medium,نور,92
4.wav,Ahmed,نور,weak,نور,92
1.wav,Ahmed,نوم,weak,نوم,93
030.wav,Wessam,هلال,medium,هلال,94
031.wav,Wessam,هلال,medium,هلال,94
032.wav,Wessam,هلال,medium,هلال,94
29.wav,Aseel,هلال,weak,هلال,94
30.wav,Wessam,هلال,medium,هلال,94
31.wav,Wessam,هلال,medium,هلال,94
32.wav,Wessam,هلال,medium,هلال,94
33.wav,Wessam,هلال,medium,هلال,94
34.wav,Wessam,هلال,medium,هلال,94
35.wav,Wessam,هلال,medium,هلال,94
36.wav,Wessam,هلال,medium,هلال,94
0.wav,Ahmed,هواء,weak,هواء,95
01.wav,Ahmed,هواء,weak,هواء,95
02.wav,Ahmed,هواء,weak,هواء,95
03.wav,Ahmed,هواء,weak,هواء,95
04.wav,Ahmed,هواء,weak,هواء,95
1.wav,Ahmed,هواء,weak,هواء,95
2.wav,Ahmed,هواء,weak,هواء,95
3.wav,Ahmed,هواء,weak,هواء,95
4.wav,Ahmed,هواء,weak,هواء,95
5.wav,Ahmed,هواء,weak,هواء,95
6.wav,Ahmed,هواء,weak,هواء,95
1.wav,Ahmed,واحد,weak,واحد,96
2.wav,Ahmed,واحد,weak,واحد,96
3.wav,Ahmed,واحد,weak,واحد,96
1.wav,Ahmed,ولد,weak,ولد,98
29.wav,Aseel,ولد,weak,ولد,98
3.wav,Ahmed,ولد,weak,ولد,98
30.wav,Wessam,ولد,medium,ولد,98
4.wav,Ahmed,ولد,weak,ولد,98
5.wav,Ahmed,ولد,weak,ولد,98
23.wav,Aseel,يالله,weak,يالله,99
24.wav,Aseel,يالله,weak,يالله,99
25.wav,Aseel,يالله,weak,يالله,99
26.wav,Aseel,يالله,weak,يالله,99
0.wav,Ahmed,يد,weak,يد,100
01.wav,Ahmed,يد,weak,يد,100
02.wav,Ahmed,يد,weak,يد,100
1.wav,Ahmed,يد,weak,يد,100
2.wav,Ahmed,يد,weak,يد,100
3.wav,Ahmed,يد,weak,يد,100
4.wav,Ahmed,يد,weak,يد,100
5.wav,Ahmed,يد,weak,يد,100
6.wav,Ahmed,يد,weak,يد,100
14.wav,Haifa,اثنين,good,اثنين,0
16.wav,Haifa,اثنين,good,اثنين,0
17.wav,Haifa,اثنين,good,اثنين,0
18.wav,Haifa,اثنين,good,اثنين,0
19.wav,Haifa,اثنين,good,اثنين,0
20.wav,Haifa,اثنين,good,اثنين,0
21.wav,Haifa,اثنين,good,اثنين,0
14.wav,Haifa,احمر,good,احمر,1
16.wav,Haifa,احمر,good,احمر,1
17.wav,Haifa,احمر,good,احمر,1
18.wav,Haifa,احمر,good,احمر,1
21.wav,Haifa,احمر,good,احمر,1
21.wav,Haifa,اخت,good,اخت,3
14.wav,Haifa,اخضر,good,اخضر,4
21.wav,Haifa,اخضر,good,اخضر,4
14.wav,Haifa,اربعة,good,اربعة,5
15.wav,Haifa,اربعة,good,اربعة,5
16.wav,Haifa,اربعة,good,اربعة,5
18.wav,Haifa,اربعة,good,اربعة,5
19.wav,Haifa,اربعة,good,اربعة,5
20.wav,Haifa,اربعة,good,اربعة,5
21.wav,Haifa,اربعة,good,اربعة,5
21.wav,Haifa,ازرق,good,ازرق,6
14.wav,Haifa,استاذة,good,استاذة,7
15.wav,Haifa,استاذة,good,استاذة,7
16.wav,Haifa,استاذة,good,استاذة,7
21.wav,Haifa,استاذة,good,استاذة,7
21.wav,Haifa,اسد,good,اسد,8
21.wav,Haifa,اسود,good,اسود,9
14.wav,Haifa,اشرب,good,اشرب,10
15.wav,Haifa,اشرب,good,اشرب,10
16.wav,Haifa,اشرب,good,اشرب,10
18.wav,Haifa,اشرب,good,اشرب,10
19.wav,Haifa,اشرب,good,اشرب,10
20.wav,Haifa,اشرب,good,اشرب,10
21.wav,Haifa,اشرب,good,اشرب,10
14.wav,Haifa,اكل,good,اكل,12
15.wav,Haifa,اكل,good,اكل,12
16.wav,Haifa,اكل,good,اكل,12
17.wav,Haifa,اكل,good,اكل,12
18.wav,Haifa,اكل,good,اكل,12
19.wav,Haifa,اكل,good,اكل,12
21.wav,Haifa,اكل,good,اكل,12
14.wav,Haifa,السلام عليكم,good,السلام عليكم,13
15.wav,Haifa,السلام عليكم,good,السلام عليكم,13
21.wav,Haifa,السلام عليكم,good,السلام عليكم,13
14.wav,Haifa,باب,good,باب,14
15.wav,Haifa,باب,good,باب,14
19.wav,Haifa,باب,good,باب,14
21.wav,Haifa,باب,good,باب,14
21.wav,Haifa,بابا,good,بابا,15
14.wav,Haifa,باص,good,باص,16
15.wav,Haifa,باص,good,باص,16
16.wav,Haifa,باص,good,باص,16
17.wav,Haifa,باص,good,باص,16
18.wav,Haifa,باص,good,باص,16
19.wav,Haifa,باص,good,باص,16
20.wav,Haifa,باص,good,باص,16
21.wav,Haifa,باص,good,باص,16
21.wav,Haifa,بسة,good,بسة,17
14.wav,Haifa,بطة,good,بطة,18
15.wav,Haifa,بطة,good,بطة,18
16.wav,Haifa,بطة,good,بطة,18
17.wav,Haifa,بطة,good,بطة,18
18.wav,Haifa,بطة,good,بطة,18
19.wav,Haifa,بطة,good,بطة,18
14.wav,Haifa,بيت,good,بيت,19
15.wav,Haifa,بيت,good,بيت,19
16.wav,Haifa,بيت,good,بيت,19
18.wav,Haifa,بيت,good,بيت,19
19.wav,Haifa,بيت,good,بيت,19
21.wav,Haifa,تعبان,good,تعبان,21
14.wav,Haifa,تفاح,good,تفاح,22
16.wav,Haifa,تفاح,good,تفاح,22
17.wav,Haifa,تفاح,good,تفاح,22
18.wav,Haifa,تفاح,good,تفاح,22
19.wav,Haifa,تفاح,good,تفاح,22
20.wav,Haifa,تفاح,good,تفاح,22
21.wav,Haifa,تفاحة,good,تفاحة,23
14.wav,Haifa,تمر,good,تمر,24
15.wav,Haifa,تمر,good,تمر,24
16.wav,Haifa,تمر,good,تمر,24
17.wav,Haifa,تمر,good,تمر,24
18.wav,Haifa,تمر,good,تمر,24
19.wav,Haifa,تمر,good,تمر,24
20.wav,Haifa,تمر,good,تمر,24
14.wav,Haifa,ثلاثة,good,ثلاثة,25
15.wav,Haifa,ثلاثة,good,ثلاثة,25
17.wav,Haifa,ثلاثة,good,ثلاثة,25
18.wav,Haifa,ثلاثة,good,ثلاثة,25
19.wav,Haifa,ثلاثة,good,ثلاثة,25
21.wav,Haifa,ثلاثة,good,ثلاثة,25
15.wav,Haifa,ثوب,good,ثوب,26
16.wav,Haifa,ثوب,good,ثوب,26
17.wav,Haifa,ثوب,good,ثوب,26
21.wav,Haifa,ثوب,good,ثوب,26
14.wav,Haifa,جا,good,جا,27
15.wav,Haifa,جا,good,جا,27
16.wav,Haifa,جا,good,جا,27
17.wav,Haifa,جا,good,جا,27
18.wav,Haifa,جا,good,جا,27
19.wav,Haifa,جا,good,جا,27
20.wav,Haifa,جا,good,جا,27
21.wav,Haifa,جا,good,جا,27
14.wav,Haifa,جبل,good,جبل,28
16.wav,Haifa,جبل,good,جبل,28
17.wav,Haifa,جبل,good,جبل,28
18.wav,Haifa,جبل,good,جبل,28
21.wav,Haifa,جبل,good,جبل,28
21.wav,Haifa,جدة,good,جدة,30
21.wav,Haifa,جمل,good,جمل,31
014.wav,Haifa,حاسب,good,حاسب,33
015.wav,Haifa,حاسب,good,حاسب,33
016.wav,Haifa,حاسب,good,حاسب,33
14.wav,Haifa,حاسب,good,حاسب,33
15.wav,Haifa,حاسب,good,حاسب,33
16.wav,Haifa,حاسب,good,حاسب,33
17.wav,Haifa,حاسب,good,حاسب,33
18.wav,Haifa,حاسب,good,حاسب,33
19.wav,Haifa,حاسب,good,حاسب,33
20.wav,Haifa,حاسب,good,حاسب,33
14.wav,Haifa,حليب,good,حليب,35
15.wav,Haifa,حليب,good,حليب,35
16.wav,Haifa,حليب,good,حليب,35
17.wav,Haifa,حليب,good,حليب,35
18.wav,Haifa,حليب,good,حليب,35
19.wav,Haifa,حليب,good,حليب,35
21.wav,Haifa,حليب,good,حليب,35
21.wav,Haifa,خايف,good,خايف,36
21.wav,Haifa,خبز,good,خبز,37
14.wav,Haifa,خروف,good,خروف,38
15.wav,Haifa,خروف,good,خروف,38
16.wav,Haifa,خروف,good,خروف,38
17.wav,Haifa,خروف,good,خروف,38
14.wav,Haifa,خلاص,good,خلاص,39
15.wav,Haifa,خلاص,good,خلاص,39
16.wav,Haifa,خلاص,good,خلاص,39
17.wav,Haifa,خلاص,good,خلاص,39
18.wav,Haifa,خلاص,good,خلاص,39
19.wav,Haifa,خلاص,good,خلاص,39
21.wav,Haifa,خلاص,good,خلاص,39
21.wav,Haifa,خمسة,good,خمسة,40
14.wav,Haifa,دجاج,good,دجاج,41
15.wav,Haifa,دجاج,good,دجاج,41
16.wav,Haifa,دجاج,good,دجاج,41
17.wav,Haifa,دجاج,good,دجاج,41
18.wav,Haifa,دجاج,good,دجاج,41
19.wav,Haifa,دجاج,good,دجاج,41
20.wav,Haifa,دجاج,good,دجاج,41
21.wav,Haifa,دجاج,good,دجاج,41
14.wav,Haifa,ذيب,good,ذيب,42
15.wav,Haifa,ذيب,good,ذيب,42
16.wav,Haifa,ذيب,good,ذيب,42
17.wav,Haifa,ذيب,good,ذيب,42
18.wav,Haifa,ذيب,good,ذيب,42
19.wav,Haifa,ذيب,good,ذيب,42
14.wav,Haifa,راح,good,راح,43
15.wav,Haifa,راح,good,راح,43
16.wav,Haifa,راح,good,راح,43
18.wav,Haifa,راح,good,راح,43
21.wav,Haifa,راح,good,راح,43
14.wav,Haifa,راس,good,راس,44
15.wav,Haifa,راس,good,راس,44
16.wav,Haifa,راس,good,راس,44
17.wav,Haifa,راس,good,راس,44
18.wav,Haifa,راس,good,راس,44
15.wav,Haifa,رز,good,رز,45
16.wav,Haifa,رز,good,رز,45
18.wav,Haifa,رز,good,رز,45
20.wav,Haifa,رز,good,رز,45
21.wav,Haifa,رز,good,رز,45
21.wav,Haifa,زعلان,good,زعلان,46
14.wav,Haifa,زيت,good,زيت,47
15.wav,Haifa,زيت,good,زيت,47
16.wav,Haifa,زيت,good,زيت,47
17.wav,Haifa,زيت,good,زيت,47
18.wav,Haifa,زيت,good,زيت,47
19.wav,Haifa,زيت,good,زيت,47
20.wav,Haifa,زيت,good,زيت,47
14.wav,Haifa,سبورة,good,سبورة,48
15.wav,Haifa,سبورة,good,سبورة,48
16.wav,Haifa,سبورة,good,سبورة,48
17.wav,Haifa,سبورة,good,سبورة,48
18.wav,Haifa,سبورة,good,سبورة,48
19.wav,Haifa,سبورة,good,سبورة,48
20.wav,Haifa,سبورة,good,سبورة,48
21.wav,Haifa,سبورة,good,سبورة,48
14.wav,Haifa,سرير,good,سرير,50
15.wav,Haifa,سرير,good,سرير,50
16.wav,Haifa,سرير,good,سرير,50
18.wav,Haifa,سرير,good,سرير,50
19.wav,Haifa,سرير,good,سرير,50
20.wav,Haifa,سرير,good,سرير,50
21.wav,Haifa,سرير,good,سرير,50
14.wav,Haifa,سمك,good,سمك,51
15.wav,Haifa,سمك,good,سمك,51
16.wav,Haifa,سمك,good,سمك,51
17.wav,Haifa,سمك,good,سمك,51
18.wav,Haifa,سمك,good,سمك,51
19.wav,Haifa,سمك,good,سمك,51
20.wav,Haifa,سمك,good,سمك,51
21.wav,Haifa,سمك,good,سمك,51
14.wav,Haifa,شمس,good,شمس,52
15.wav,Haifa,شمس,good,شمس,52
16.wav,Haifa,شمس,good,شمس,52
17.wav,Haifa,شمس,good,شمس,52
18.wav,Haifa,شمس,good,شمس,52
19.wav,Haifa,شمس,good,شمس,52
20.wav,Haifa,شمس,good,شمس,52
21.wav,Haifa,شمس,good,شمس,52
14.wav,Haifa,صقر,good,صقر,54
15.wav,Haifa,صقر,good,صقر,54
16.wav,Haifa,صقر,good,صقر,54
17.wav,Haifa,صقر,good,صقر,54
18.wav,Haifa,صقر,good,صقر,54
19.wav,Haifa,صقر,good,صقر,54
20.wav,Haifa,صقر,good,صقر,54
14.wav,Haifa,ضوء,good,ضوء,56
15.wav,Haifa,ضوء,good,ضوء,56
16.wav,Haifa,ضوء,good,ضوء,56
17.wav,Haifa,ضوء,good,ضوء,56
18.wav,Haifa,ضوء,good,ضوء,56
19.wav,Haifa,ضوء,good,ضوء,56
20.wav,Haifa,ضوء,good,ضوء,56
014.wav,Haifa,طير,good,طير,58
015.wav,Haifa,طير,good,طير,58
016.wav,Haifa,طير,good,طير,58
14.wav,Haifa,طير,good,طير,58
15.wav,Haifa,طير,good,طير,58
16.wav,Haifa,طير,good,طير,58
17.wav,Haifa,طير,good,طير,58
18.wav,Haifa,طير,good,طير,58
19.wav,Haifa,طير,good,طير,58
20.wav,Haifa,طير,good,طير,58
15.wav,Haifa,ظهر,good,ظهر,59
16.wav,Haifa,ظهر,good,ظهر,59
17.wav,Haifa,ظهر,good,ظهر,59
18.wav,Haifa,ظهر,good,ظهر,59
19.wav,Haifa,ظهر,good,ظهر,59
20.wav,Haifa,ظهر,good,ظهر,59
14.wav,Haifa,عربية,good,عربية,60
15.wav,Haifa,عربية,good,عربية,60
16.wav,Haifa,عربية,good,عربية,60
17.wav,Haifa,عربية,good,عربية,60
18.wav,Haifa,عربية,good,عربية,60
21.wav,Haifa,عصفور,good,عصفور,61
14.wav,Haifa,علم,good,علم,62
15.wav,Haifa,علم,good,علم,62
16.wav,Haifa,علم,good,علم,62
17.wav,Haifa,علم,good,علم,62
18.wav,Haifa,علم,good,علم,62
19.wav,Haifa,علم,good,علم,62
16.wav,Haifa,عين,good,عين,63
19.wav,Haifa,عين,good,عين,63
21.wav,Haifa,عين,good,عين,63
21.wav,Haifa,فرحان,good,فرحان,65
14.wav,Haifa,فم,good,فم,66
15.wav,Haifa,فم,good,فم,66
16.wav,Haifa,فم,good,فم,66
17.wav,Haifa,فم,good,فم,66
18.wav,Haifa,فم,good,فم,66
19.wav,Haifa,فم,good,فم,66
21.wav,Haifa,فيل,good,فيل,67
14.wav,Haifa,قلب,good,قلب,69
19.wav,Haifa,قلب,good,قلب,69
16.wav,Haifa,كتاب,good,كتاب,74
17.wav,Haifa,كتاب,good,كتاب,74
21.wav,Haifa,كتاب,good,كتاب,74
14.wav,Haifa,كرسي,good,كرسي,75
15.wav,Haifa,كرسي,good,كرسي,75
16.wav,Haifa,كرسي,good,كرسي,75
17.wav,Haifa,كرسي,good,كرسي,75
19.wav,Haifa,كرسي,good,كرسي,75
21.wav,Haifa,كرسي,good,كرسي,75
14.wav,Haifa,كلب,good,كلب,76
16.wav,Haifa,كلب,good,كلب,76
17.wav,Haifa,كلب,good,كلب,76
18.wav,Haifa,كلب,good,كلب,76
21.wav,Haifa,كلب,good,كلب,76
14.wav,Haifa,كورة,good,كورة,77
15.wav,Haifa,كورة,good,كورة,77
17.wav,Haifa,كورة,good,كورة,77
18.wav,Haifa,كورة,good,كورة,77
19.wav,Haifa,كورة,good,كورة,77
20.wav,Haifa,كورة,good,كورة,77
21.wav,Haifa,كورة,good,كورة,77
14.wav,Haifa,لبن,good,لبن,78
15.wav,Haifa,لبن,good,لبن,78
16.wav,Haifa,لبن,good,لبن,78
17.wav,Haifa,لبن,good,لبن,78
18.wav,Haifa,لبن,good,لبن,78
19.wav,Haifa,لبن,good,لبن,78
21.wav,Haifa,لون,good,لون,80
21.wav,Haifa,ماما,good,ماما,81
14.wav,Haifa,مدرسة,good,مدرسة,82
15.wav,Haifa,مدرسة,good,مدرسة,82
16.wav,Haifa,مدرسة,good,مدرسة,82
17.wav,Haifa,مدرسة,good,مدرسة,82
18.wav,Haifa,مدرسة,good,مدرسة,82
19.wav,Haifa,مدرسة,good,مدرسة,82
21.wav,Haifa,مستشفى,good,مستشفى,83
21.wav,Haifa,معصب,good,معصب,84
014.wav,Haifa,مفتاح,good,مفتاح,85
14.wav,Haifa,مفتاح,good,مفتاح,85
15.wav,Haifa,مفتاح,good,مفتاح,85
16.wav,Haifa,مفتاح,good,مفتاح,85
18.wav,Haifa,مفتاح,good,مفتاح,85
19.wav,Haifa,مفتاح,good,مفتاح,85
20.wav,Haifa,مفتاح,good,مفتاح,85
014.wav,Haifa,ملعب,good,ملعب,86
015.wav,Haifa,ملعب,good,ملعب,86
14.wav,Haifa,ملعب,good,ملعب,86
15.wav,Haifa,ملعب,good,ملعب,86
16.wav,Haifa,ملعب,good,ملعب,86
17.wav,Haifa,ملعب,good,ملعب,86
18.wav,Haifa,ملعب,good,ملعب,86
19.wav,Haifa,ملعب,good,ملعب,86
20.wav,Haifa,ملعب,good,ملعب,86
14.wav,Haifa,موز,good,موز,87
15.wav,Haifa,موز,good,موز,87
16.wav,Haifa,موز,good,موز,87
17.wav,Haifa,موز,good,موز,87
18.wav,Haifa,موز,good,موز,87
19.wav,Haifa,موز,good,موز,87
20.wav,Haifa,موز,good,موز,87
21.wav,Haifa,موز,good,موز,87
15-.wav,Haifa,موية,good,موية,88
15.wav,Haifa,موية,good,موية,88
16-.wav,Haifa,موية,good,موية,88
17-.wav,Haifa,موية,good,موية,88
17.wav,Haifa,موية,good,موية,88
20.wav,Haifa,موية,good,موية,88
21.wav,Haifa,موية,good,موية,88
014.wav,Haifa,نار,good,نار,90
14.wav,Haifa,نار,good,نار,90
15.wav,Haifa,نار,good,نار,90
16.wav,Haifa,نار,good,نار,90
18.wav,Haifa,نار,good,نار,90
19.wav,Haifa,نار,good,نار,90
20.wav,Haifa,نار,good,نار,90
15.wav,Haifa,نام,good,نام,91
16.wav,Haifa,نام,good,نام,91
17.wav,Haifa,نام,good,نام,91
18.wav,Haifa,نام,good,نام,91
19.wav,Haifa,نام,good,نام,91
21.wav,Haifa,نام,good,نام,91
21.wav,Haifa,نور,good,نور,92
14.wav,Haifa,هواء,good,هواء,95
15.wav,Haifa,هواء,good,هواء,95
16.wav,Haifa,هواء,good,هواء,95
17.wav,Haifa,هواء,good,هواء,95
18.wav,Haifa,هواء,good,هواء,95
19.wav,Haifa,هواء,good,هواء,95
20.wav,Haifa,هواء,good,هواء,95
014.wav,Haifa,ورق,good,ورق,97
14.wav,Haifa,ورق,good,ورق,97
15.wav,Haifa,ورق,good,ورق,97
16.wav,Haifa,ورق,good,ورق,97
17.wav,Haifa,ورق,good,ورق,97
18.wav,Haifa,ورق,good,ورق,97
19.wav,Haifa,ورق,good,ورق,97
20.wav,Haifa,ورق,good,ورق,97
21.wav,Haifa,يالله,good,يالله,99
15.wav,Haifa,يد,good,يد,100
16.wav,Haifa,يد,good,يد,100
17.wav,Haifa,يد,good,يد,100
18.wav,Haifa,يد,good,يد,100
10.wav,Asem,اثنين,excellent,اثنين,0
11.wav,Asem,اثنين,excellent,اثنين,0
12.wav,Asem,اثنين,excellent,اثنين,0
7.wav,Asem,اثنين,excellent,اثنين,0
8.wav,Asem,اثنين,excellent,اثنين,0
9.wav,Asem,اثنين,excellent,اثنين,0
10.wav,Asem,اربعة,excellent,اربعة,5
11.wav,Asem,اربعة,excellent,اربعة,5
12.wav,Asem,اربعة,excellent,اربعة,5
13.wav,Asem,اربعة,excellent,اربعة,5
7.wav,Asem,اربعة,excellent,اربعة,5
8.wav,Asem,اربعة,excellent,اربعة,5
9.wav,Asem,اربعة,excellent,اربعة,5
11.wav,Asem,اشرب,excellent,اشرب,10
12.wav,Asem,اشرب,excellent,اشرب,10
13.wav,Asem,اشرب,excellent,اشرب,10
7.wav,Asem,اشرب,excellent,اشرب,10
8.wav,Asem,اشرب,excellent,اشرب,10
9.wav,Asem,اشرب,excellent,اشرب,10
10.wav,Asem,اكل,excellent,اكل,12
11.wav,Asem,اكل,excellent,اكل,12
7.wav,Asem,اكل,excellent,اكل,12
8.wav,Asem,اكل,excellent,اكل,12
9.wav,Asem,اكل,excellent,اكل,12
10.wav,Asem,السلام عليكم,excellent,السلام عليكم,13
7.wav,Asem,السلام عليكم,excellent,السلام عليكم,13
8.wav,Asem,السلام عليكم,excellent,السلام عليكم,13
9.wav,Asem,السلام عليكم,excellent,السلام عليكم,13
10.wav,Asem,باب,excellent,باب,14
11.wav,Asem,باب,excellent,باب,14
12.wav,Asem,باب,excellent,باب,14
7.wav,Asem,باب,excellent,باب,14
8.wav,Asem,باب,excellent,باب,14
9.wav,Asem,باب,excellent,باب,14
10.wav,Asem,باص,excellent,باص,16
11.wav,Asem,باص,excellent,باص,16
7.wav,Asem,باص,excellent,باص,16
8.wav,Asem,باص,excellent,باص,16
9.wav,Asem,باص,excellent,باص,16
7.wav,Asem,تمر,excellent,تمر,24
10.wav,Asem,ثلاثة,excellent,ثلاثة,25
11.wav,Asem,ثلاثة,excellent,ثلاثة,25
12.wav,Asem,ثلاثة,excellent,ثلاثة,25
13.wav,Asem,ثلاثة,excellent,ثلاثة,25
7.wav,Asem,ثلاثة,excellent,ثلاثة,25
9.wav,Asem,ثلاثة,excellent,ثلاثة,25
10.wav,Asem,جا,excellent,جا,27
11.wav,Asem,جا,excellent,جا,27
9.wav,Asem,جا,excellent,جا,27
7.wav,Asem,خلاص,excellent,خلاص,39
7.wav,Asem,خمسة,excellent,خمسة,40
7.wav,Asem,راح,excellent,راح,43
8.wav,Asem,راح,excellent,راح,43
9.wav,Asem,راح,excellent,راح,43
7.wav,Asem,ستة,excellent,ستة,49
7.wav,Asem,سرير,excellent,سرير,50
8.wav,Asem,سرير,excellent,سرير,50
7.wav,Asem,واحد,excellent,واحد,96
8.wav,Asem,واحد,excellent,واحد,96
